,City,Latitude,Longitude,Max Temperature,Humidity,Cloudiness,Wind Speed,Country,Date
0,hilo,19.73,-155.09,84.2,54,1,5.82,US,1593809865
1,tucupita,9.06,-62.05,81.23,84,100,5.23,VE,1593809918
2,yellowknife,62.46,-114.35,64.4,68,75,11.41,CA,1593809708
3,hobart,-42.88,147.33,44.6,70,75,14.99,AU,1593809812
4,chernenko,44.37,39.31,70.25,81,0,1.68,RU,1593809919
5,dikson,73.51,80.55,51.06,70,100,15.1,RU,1593809919
6,albany,42.6,-73.97,78.01,74,100,5.01,US,1593809919
7,butaritari,3.07,172.79,82.85,73,68,11.45,KI,1593809919
8,evensk,61.95,159.23,51.08,69,100,5.35,RU,1593809920
9,johnstown,40.33,-78.92,87.8,33,1,12.75,US,1593809920
10,kielce,50.87,20.63,66.0,100,100,5.32,PL,1593809920
11,lagoa,39.05,-27.98,69.03,90,62,7.81,PT,1593809920
12,varberg,57.11,12.25,57.99,88,100,27.0,SE,1593809862
13,atuona,-9.8,-139.03,80.13,75,4,23.62,PF,1593809921
14,aksarka,66.56,67.8,54.43,72,0,1.21,RU,1593809921
15,hithadhoo,-0.6,73.08,85.15,65,97,8.75,MV,1593809921
16,vaini,-21.2,-175.2,69.8,73,40,8.05,TO,1593809921
17,avarua,-21.21,-159.78,78.8,78,5,5.82,CK,1593809922
18,komsomolskiy,40.43,71.72,69.8,43,0,4.7,UZ,1593809922
19,broken hill,-31.95,141.43,39.2,93,0,6.93,AU,1593809922
20,yeppoon,-23.13,150.73,53.6,87,40,5.73,AU,1593809922
21,dongsheng,39.82,109.98,66.65,57,100,18.97,CN,1593809922
22,nueva loja,0.08,-76.88,82.4,78,75,2.24,EC,1593809922
23,busselton,-33.65,115.33,53.01,64,68,14.54,AU,1593809923
24,margate,51.38,1.39,62.01,82,96,4.0,GB,1593809923
25,thompson,55.74,-97.86,82.4,37,75,5.82,CA,1593809923
26,smithers,54.78,-127.17,53.6,81,90,2.24,CA,1593809923
27,kurilsk,45.23,147.88,54.61,79,6,8.79,RU,1593809924
28,port lincoln,-34.73,135.87,54.03,78,62,7.34,AU,1593809924
29,lompoc,34.64,-120.46,71.01,60,9,13.87,US,1593809924
30,kyra,49.58,111.98,55.45,80,45,4.0,RU,1593809924
31,khatanga,71.97,102.5,49.98,63,0,12.35,RU,1593809924
32,severo-kurilsk,50.68,156.12,49.39,68,28,13.71,RU,1593809925
33,hualmay,-11.1,-77.61,64.72,68,3,6.6,PE,1593809925
34,saint-philippe,-21.36,55.77,68.0,68,20,10.29,RE,1593809925
35,orlik,52.52,99.83,53.65,74,24,1.7,RU,1593809925
36,santa maria,-29.68,-53.81,46.24,76,0,1.43,BR,1593809925
37,waingapu,-9.66,120.26,74.95,84,48,12.91,ID,1593809925
38,souillac,-20.52,57.52,69.8,77,75,13.87,MU,1593809926
39,bethel,41.37,-73.41,84.2,62,75,8.05,US,1593809676
40,wanning,18.8,110.4,81.43,89,100,9.62,CN,1593809926
41,shumikha,55.23,63.3,55.09,85,11,6.6,RU,1593809926
42,salisbury,51.07,-1.8,57.99,93,100,16.11,GB,1593809926
43,harper,4.38,-7.72,75.6,85,80,10.83,LR,1593809927
44,kieta,-6.22,155.63,80.04,78,86,5.32,PG,1593809927
45,klyuchi,52.27,79.17,60.44,76,10,6.44,RU,1593809927
46,rikitea,-23.12,-134.97,71.01,71,41,18.99,PF,1593809928
47,srednekolymsk,67.45,153.68,44.49,89,100,13.8,RU,1593809928
48,bluff,-46.6,168.33,39.0,83,100,3.0,NZ,1593809928
49,mataura,-46.19,168.86,39.0,83,100,3.0,NZ,1593809928
50,rocha,-34.48,-54.33,47.32,85,91,5.88,UY,1593809928
51,ushuaia,-54.8,-68.3,28.4,100,90,5.82,AR,1593809719
52,barcelos,41.54,-8.62,69.01,77,0,12.75,PT,1593809637
53,kodiak,57.79,-152.41,62.6,67,90,4.7,US,1593809929
54,olafsvik,64.89,-23.71,52.02,68,64,5.7,IS,1593809929
55,cherskiy,68.75,161.3,49.39,82,100,8.1,RU,1593809929
56,gamba,-2.65,10.0,74.08,85,100,8.39,GA,1593809930
57,ambilobe,-13.2,49.05,68.88,81,74,2.39,MG,1593809930
58,punta arenas,-53.15,-70.92,33.8,100,90,3.36,CL,1593809930
59,wonthaggi,-38.6,145.59,50.0,82,92,8.88,AU,1593809930
60,saskylakh,71.92,114.08,44.01,68,81,13.51,RU,1593809930
61,saint-pierre,-21.34,55.48,66.2,68,20,10.29,RE,1593809909
62,nikolskoye,59.7,30.79,59.0,72,73,4.47,RU,1593809931
63,muros,42.78,-9.06,63.0,68,23,5.01,ES,1593809931
64,hami,42.8,93.45,82.22,16,5,13.27,CN,1593809931
65,praia da vitoria,38.73,-27.07,71.6,78,75,3.96,PT,1593809931
66,bijawar,24.63,79.5,87.98,58,66,3.76,IN,1593809931
67,fairbanks,64.84,-147.72,68.0,55,1,6.87,US,1593809675
68,puerto ayora,-0.74,-90.35,78.8,61,20,19.46,EC,1593809932
69,moron,-34.65,-58.62,59.0,51,100,12.75,AR,1593809668
70,saint george,37.1,-113.58,98.01,20,75,10.29,US,1593809730
71,takoradi,4.88,-1.76,76.73,88,36,12.88,GH,1593809932
72,padang,-0.95,100.35,77.67,81,98,6.24,ID,1593809748
73,qasigiannguit,68.82,-51.19,51.8,53,1,4.7,GL,1593809933
74,nurota,40.56,65.69,71.6,24,69,9.17,UZ,1593809933
75,ahipara,-35.17,173.17,51.24,72,42,3.65,NZ,1593809933
76,port alfred,-33.59,26.89,55.0,84,16,1.01,ZA,1593809933
77,victoria,22.29,114.16,84.0,79,100,5.99,HK,1593809662
78,tasiilaq,65.61,-37.64,55.4,35,100,4.7,GL,1593809933
79,westport,41.14,-73.36,82.99,94,90,10.29,US,1593809934
80,husavik,66.04,-17.34,57.2,50,0,16.11,IS,1593809934
81,touros,-5.2,-35.46,77.0,94,75,8.05,BR,1593809934
82,hermanus,-34.42,19.23,54.95,70,53,5.17,ZA,1593809774
83,yulara,-25.24,130.99,50.0,53,91,6.93,AU,1593809934
84,kisangani,0.52,25.2,75.33,71,21,2.28,CD,1593809935
85,kati,12.74,-8.07,86.0,70,20,5.82,ML,1593809892
86,sola,-13.88,167.55,79.32,82,92,22.93,VU,1593809935
87,bredasdorp,-34.53,20.04,46.4,87,26,3.36,ZA,1593809935
88,jamestown,42.1,-79.24,84.99,58,1,8.05,US,1593809935
89,quatre cocos,-20.21,57.76,70.0,77,75,13.87,MU,1593809936
90,whitehorse,60.72,-135.05,64.99,38,75,13.87,CA,1593809936
91,lichinga,-13.31,35.24,52.86,75,0,5.59,MZ,1593809936
92,la plaine,15.33,-61.25,89.6,49,20,6.93,DM,1593809937
93,cape town,-33.93,18.42,50.0,87,11,1.12,ZA,1593809937
94,teahupoo,-17.83,-149.27,82.4,74,40,8.05,PF,1593809937
95,talcahuano,-36.72,-73.12,55.4,93,75,10.29,CL,1593809937
96,dzilam gonzalez,21.28,-88.93,79.0,79,86,4.09,MX,1593809937
97,bambanglipuro,-7.95,110.28,73.94,87,64,7.43,ID,1593809937
98,vatne,62.57,6.65,51.8,62,33,3.36,NO,1593809938
99,peterhead,57.51,-1.8,53.6,81,100,4.7,GB,1593809938
100,upernavik,72.79,-56.15,37.54,88,55,11.63,GL,1593809938
101,pacifica,37.61,-122.49,72.0,82,75,8.05,US,1593809759
102,grand gaube,-20.01,57.66,70.0,73,97,7.0,MU,1593809938
103,aban,56.67,96.06,65.62,79,2,1.66,RU,1593809939
104,nadym,65.53,72.52,56.14,90,95,16.71,RU,1593809939
105,kapaa,22.08,-159.32,82.4,69,20,13.87,US,1593809939
106,boda,4.32,17.47,71.89,87,100,1.95,CF,1593809939
107,mar del plata,-38.0,-57.56,51.01,81,100,5.82,AR,1593809940
108,dingle,11.0,122.67,76.96,86,77,2.1,PH,1593809940
109,neiafu,-18.65,-173.98,73.4,73,40,6.93,TO,1593809940
110,pacific grove,36.62,-121.92,72.0,63,40,9.17,US,1593809940
111,saint-louis,16.33,-15.0,88.16,42,0,19.19,SN,1593809941
112,cabedelo,-6.98,-34.83,75.2,94,75,11.23,BR,1593809941
113,tiksi,71.69,128.87,35.37,91,100,13.96,RU,1593809941
114,castro,-24.79,-50.01,47.17,66,0,0.92,BR,1593809941
115,norman wells,65.28,-126.83,60.8,55,75,8.05,CA,1593809941
116,cravo norte,6.3,-70.2,78.76,88,100,6.35,CO,1593809942
117,beatrice,40.27,-96.75,87.8,58,40,5.82,US,1593809703
118,jumla,29.27,82.18,62.49,70,92,1.63,NP,1593809942
119,antalaha,-14.9,50.28,71.01,80,93,7.02,MG,1593809942
120,faanui,-16.48,-151.75,79.95,82,60,10.76,PF,1593809942
121,comodoro rivadavia,-45.87,-67.5,42.8,70,40,12.75,AR,1593809943
122,luderitz,-26.65,15.16,73.4,35,0,8.05,NA,1593809943
123,road town,18.42,-64.62,87.8,74,40,10.29,VG,1593809911
124,havre-saint-pierre,50.23,-63.6,57.2,87,90,4.7,CA,1593809943
125,premia de mar,41.49,2.37,73.99,79,98,4.0,ES,1593809944
126,umm lajj,25.02,37.27,84.97,42,0,4.09,SA,1593809944
127,laguna,38.42,-121.42,84.0,36,1,8.05,US,1593809832
128,carberry,49.87,-99.36,84.2,51,40,8.05,CA,1593809738
129,urumqi,43.8,87.6,75.2,38,99,8.95,CN,1593809944
130,clyde river,70.47,-68.59,50.0,71,75,8.05,CA,1593809945
131,chengde,40.97,117.94,61.0,91,27,0.67,CN,1593809945
132,bulgan,48.81,103.53,56.91,80,77,0.67,MN,1593809945
133,penzance,50.12,-5.54,59.0,100,100,24.16,GB,1593809945
134,chuy,-33.7,-53.46,48.76,82,49,6.29,UY,1593809945
135,andenes,69.31,16.12,50.0,71,40,5.82,NO,1593809946
136,port hedland,-20.32,118.57,69.8,30,0,13.87,AU,1593809946
137,gornyy,55.12,83.91,61.07,95,84,4.27,RU,1593809946
138,boromo,11.75,-2.93,80.76,66,94,8.86,BF,1593809946
139,kruisfontein,-34.0,24.73,48.22,89,0,3.67,ZA,1593809946
140,port-gentil,-0.72,8.78,77.0,88,90,12.75,GA,1593809947
141,sao filipe,14.9,-24.5,74.84,85,48,7.67,CV,1593809947
142,brae,60.4,-1.35,53.6,76,99,12.75,GB,1593809947
143,lhokseumawe,5.18,97.15,78.76,84,100,3.83,ID,1593809947
144,itacoatiara,-3.14,-58.44,83.28,75,63,3.29,BR,1593809947
145,odweyne,9.41,45.06,76.15,49,0,16.42,SO,1593809948
146,lilongwe,-13.97,33.79,58.14,58,0,5.17,MW,1593809948
147,prabumulih,-3.45,104.25,72.19,99,100,1.99,ID,1593809948
148,nioro,13.35,-15.75,84.65,68,70,10.33,GM,1593809948
149,mutis,6.23,-77.4,80.91,79,86,8.9,CO,1593809949
150,airai,-8.93,125.41,57.31,100,72,4.43,TL,1593809949
151,dubbo,-32.25,148.62,41.0,86,90,12.75,AU,1593809811
152,awassa,7.05,38.47,59.41,88,62,5.7,ET,1593809949
153,shimoda,34.67,138.95,66.99,96,100,1.01,JP,1593809949
154,achacachi,-16.05,-68.68,52.45,37,0,3.42,BO,1593809949
155,turukhansk,65.82,87.98,67.44,56,0,19.28,RU,1593809950
156,paso de carrasco,-34.86,-56.05,53.6,66,100,11.41,UY,1593809950
157,hasaki,35.73,140.83,71.6,100,75,4.7,JP,1593809950
158,kulhudhuffushi,6.62,73.07,83.03,81,98,10.49,MV,1593809950
159,pueblo nuevo,23.38,-105.38,75.27,67,59,6.06,MX,1593809950
160,porosozero,62.72,32.73,52.63,80,73,5.75,RU,1593809950
161,maibong,25.3,93.17,75.06,92,100,1.7,IN,1593809951
162,fortuna,40.6,-124.16,69.01,63,1,14.99,US,1593809951
163,yorosso,12.35,-4.78,77.0,70,83,11.86,ML,1593809951
164,pauini,-7.71,-66.98,80.92,91,93,1.81,BR,1593809951
165,kirkwood,38.58,-90.41,91.99,52,20,13.87,US,1593809666
166,bronnoysund,65.46,12.2,53.6,66,15,10.29,NO,1593809952
167,mitsamiouli,-11.38,43.28,77.56,65,26,7.07,KM,1593809952
168,lakes entrance,-37.88,147.98,44.01,85,31,14.94,AU,1593809952
169,mount gambier,-37.83,140.77,50.0,93,75,8.05,AU,1593809953
170,ribeira grande,38.52,-28.7,69.8,88,40,6.93,PT,1593809953
171,maceio,-9.67,-35.74,77.0,73,20,6.93,BR,1593809953
172,piopio,-38.47,175.02,44.01,94,99,1.01,NZ,1593809953
173,portobelo,9.55,-79.65,87.8,70,40,8.05,PA,1593809953
174,brooks,50.58,-111.89,73.99,36,0,8.99,CA,1593809954
175,banamba,13.55,-7.45,85.19,52,65,10.4,ML,1593809954
176,high rock,26.62,-78.28,91.4,59,75,9.17,BS,1593809954
177,nanortalik,60.14,-45.24,48.56,56,4,9.64,GL,1593809954
178,lasa,46.62,10.7,55.4,71,40,3.36,IT,1593809954
179,byron bay,-28.65,153.62,53.6,71,0,16.11,AU,1593809955
180,norrtalje,59.76,18.7,62.01,69,86,5.23,SE,1593809955
181,carnarvon,-24.87,113.63,55.4,66,0,5.82,AU,1593809955
182,pevek,69.7,170.31,48.67,58,75,21.47,RU,1593809955
183,gigmoto,13.78,124.39,80.69,80,68,4.47,PH,1593809955
184,vardo,70.37,31.11,50.0,81,98,19.46,NO,1593809956
185,lorengau,-2.02,147.27,82.0,78,50,8.61,PG,1593809956
186,lebu,-37.62,-73.65,51.33,81,100,13.47,CL,1593809956
187,bathsheba,13.22,-59.52,86.0,66,20,19.46,BB,1593809956
188,antsohihy,-14.88,47.99,69.39,71,0,6.71,MG,1593809956
189,ndele,8.41,20.65,72.59,94,84,2.86,CF,1593809956
190,tebingtinggi,3.33,99.16,75.2,94,40,2.24,ID,1593809957
191,inhambane,-23.86,35.38,66.22,78,41,7.29,MZ,1593809957
192,nome,64.5,-165.41,48.99,100,90,5.82,US,1593809957
193,maple creek,49.92,-109.48,81.86,28,0,11.34,CA,1593809957
194,gotsu,35.0,132.22,67.68,94,90,2.91,JP,1593809957
195,taoudenni,22.68,-3.98,100.87,8,0,8.16,ML,1593809957
196,anadyr,64.75,177.48,51.8,57,91,20.13,RU,1593809958
197,rakovski,42.3,24.97,75.2,88,75,4.7,BG,1593809958
198,homer,59.64,-151.55,64.99,68,1,9.17,US,1593809958
199,mayumba,-3.43,10.66,73.94,84,85,6.67,GA,1593809958
200,kampene,-3.6,26.67,75.06,49,28,2.1,CD,1593809958
201,yamada,39.47,141.95,63.86,82,100,8.48,JP,1593809959
202,new norfolk,-42.78,147.06,44.01,88,89,4.07,AU,1593809959
203,torbay,47.67,-52.73,48.99,81,90,13.87,CA,1593809959
204,dhidhdhoo,6.88,73.1,83.03,81,100,11.56,MV,1593809959
205,ferentino,41.7,13.26,75.99,62,0,2.13,IT,1593809959
206,dharmadam,11.78,75.43,75.2,94,90,2.24,IN,1593809960
207,isangel,-19.55,169.27,68.0,88,75,5.82,VU,1593809960
208,okhotsk,59.38,143.3,51.6,78,27,7.0,RU,1593809960
209,aklavik,68.22,-135.01,42.8,81,90,21.92,CA,1593809960
210,qaanaaq,77.48,-69.36,44.28,69,100,2.51,GL,1593809960
211,georgetown,5.41,100.34,80.6,94,20,3.36,MY,1593809961
212,sumbe,-11.21,13.84,70.86,87,1,5.77,AO,1593809961
213,lubbock,33.6,-101.83,96.01,24,20,8.05,US,1593809961
214,vao,-22.67,167.48,69.26,72,95,19.84,NC,1593809961
215,arraial do cabo,-22.97,-42.03,69.8,73,40,10.29,BR,1593809961
216,zhangjiakou,40.81,114.88,62.89,84,77,3.15,CN,1593809962
217,mogadishu,2.04,45.34,77.99,81,100,17.47,SO,1593809849
218,novoagansk,61.94,76.66,57.49,95,41,8.48,RU,1593809962
219,kerman,30.28,57.08,86.0,20,40,4.7,IR,1593809962
220,les cayes,18.2,-73.75,86.36,64,56,7.99,HT,1593809962
221,klaksvik,62.23,-6.59,46.4,81,17,9.17,FO,1593809962
222,bambous virieux,-20.34,57.76,69.8,77,75,13.87,MU,1593809963
223,baculin,7.45,126.58,77.45,75,11,4.99,PH,1593809963
224,filadelfia,39.95,-75.16,97.0,23,40,9.17,US,1593809682
225,naze,28.37,129.48,80.6,94,90,11.41,JP,1593809963
226,colombia,20.99,-77.43,89.6,70,61,13.87,CU,1593809963
227,kiruna,67.86,20.23,46.4,87,100,4.7,SE,1593809964
228,skjervoy,70.03,20.97,48.0,74,100,5.95,NO,1593809964
229,ures,29.43,-110.4,102.99,30,0,3.0,MX,1593809964
230,guaraniacu,-25.1,-52.88,45.46,75,0,0.83,BR,1593809964
231,barrow,71.29,-156.79,37.4,86,40,21.92,US,1593809964
232,jalu,29.03,21.55,81.18,40,0,12.88,LY,1593809964
233,nuuk,64.18,-51.72,48.2,66,20,8.05,GL,1593809965
234,kutum,14.2,24.67,76.42,54,98,10.8,SD,1593809965
235,tuktoyaktuk,69.45,-133.04,37.4,100,90,19.46,CA,1593809965
236,kill,52.18,-7.33,59.0,100,75,16.11,IE,1593809965
237,dudinka,69.41,86.18,59.0,58,100,13.42,RU,1593809965
238,izumo,35.37,132.77,68.0,100,75,2.24,JP,1593809966
239,atambua,-9.11,124.89,70.75,89,85,5.61,ID,1593809966
240,bismarck,46.81,-100.78,89.6,40,1,10.29,US,1593809966
241,san cristobal,7.77,-72.22,91.4,46,40,9.17,VE,1593809966
242,puga,21.58,-104.82,89.6,46,75,4.5,MX,1593809966
243,necochea,-38.55,-58.74,48.0,88,100,9.86,AR,1593809967
244,iqaluit,63.75,-68.51,46.4,70,40,9.17,CA,1593809967
245,agirish,61.92,63.02,54.77,70,71,0.54,RU,1593809967
246,batemans bay,-35.72,150.18,37.99,100,31,7.58,AU,1593809967
247,luanda,-8.84,13.23,71.6,83,2,3.36,AO,1593809857
248,lahij,13.17,44.58,91.24,42,2,1.81,YE,1593809968
249,kavieng,-2.57,150.8,82.58,71,10,3.02,PG,1593809968
250,mahebourg,-20.41,57.7,69.8,77,75,13.87,MU,1593809968
251,tura,25.52,90.22,75.56,91,100,2.66,IN,1593809968
252,arman,59.7,150.17,52.03,70,81,4.16,RU,1593809968
253,constitucion,-35.33,-72.42,54.66,93,100,8.63,CL,1593809969
254,milove,49.38,40.13,72.23,57,0,3.67,UA,1593809969
255,baruun-urt,46.68,113.28,60.6,79,25,6.33,MN,1593809969
256,hambantota,6.12,81.12,81.16,78,99,17.25,LK,1593809969
257,whitianga,-36.83,175.7,48.99,91,10,2.95,NZ,1593809969
258,bandarbeyla,9.49,50.81,78.89,73,65,33.17,SO,1593809970
259,provideniya,64.38,-173.3,51.87,56,54,4.5,RU,1593809970
260,maldonado,-34.67,-54.92,53.6,76,89,9.17,UY,1593809727
261,cap-aux-meules,47.38,-61.86,59.0,77,40,9.17,CA,1593809771
262,oktyabrskoye,43.06,44.74,68.0,72,0,6.71,RU,1593809970
263,havoysund,71.0,24.66,48.2,76,94,11.41,NO,1593809970
264,te anau,-45.42,167.72,42.37,90,100,0.72,NZ,1593809971
265,vanavara,60.34,102.28,58.41,74,0,5.88,RU,1593809971
266,vizinga,61.07,50.1,58.21,83,29,3.4,RU,1593809971
267,ostrovnoy,68.05,39.51,56.5,64,100,12.77,RU,1593809971
268,kudahuvadhoo,2.67,72.89,84.34,66,100,4.97,MV,1593809971
269,ryotsu,38.08,138.43,68.0,94,75,8.05,JP,1593809972
270,east london,-33.02,27.91,59.16,72,2,6.42,ZA,1593809972
271,darlington,54.52,-1.55,61.0,82,20,14.99,GB,1593809972
272,san carlos de bariloche,-41.15,-71.31,39.2,80,90,10.29,AR,1593809972
273,coquimbo,-29.95,-71.34,57.2,82,0,9.17,CL,1593809972
274,viesite,56.35,25.56,54.91,96,50,2.62,LV,1593809972
275,lazaro cardenas,17.96,-102.2,88.57,52,14,10.31,MX,1593809973
276,akhmim,26.56,31.75,95.0,17,0,9.17,EG,1593809973
277,victor harbor,-35.57,138.62,50.0,93,97,8.7,AU,1593809973
278,drumnadrochit,57.33,-4.48,55.4,76,61,12.75,GB,1593809973
279,burnie,-41.07,145.92,45.0,89,95,1.01,AU,1593809973
280,bethanien,-26.5,17.16,55.45,36,0,5.06,NA,1593809974
281,paamiut,61.99,-49.67,41.79,84,0,7.27,GL,1593809974
282,eyl,7.98,49.82,80.06,65,72,27.51,SO,1593809974
283,bubaque,11.28,-15.83,81.52,82,63,11.48,GW,1593809974
284,awjilah,29.11,21.29,80.11,42,0,12.57,LY,1593809974
285,diego de almagro,-26.37,-70.05,73.11,23,0,8.03,CL,1593809975
286,vila franca do campo,37.72,-25.43,69.8,73,40,6.93,PT,1593809975
287,port hardy,50.7,-127.42,62.6,59,40,11.41,CA,1593809975
288,sibolga,1.74,98.78,78.01,79,93,3.38,ID,1593809975
289,sao felix do xingu,-6.64,-51.99,82.9,58,7,3.33,BR,1593809975
290,buala,-8.14,159.59,80.98,80,77,8.99,SB,1593809976
291,banda aceh,5.56,95.32,80.8,80,91,5.95,ID,1593809976
292,cairns,-16.92,145.77,69.8,77,18,12.75,AU,1593809930
293,san quintin,30.48,-115.95,74.86,57,1,15.52,MX,1593809977
294,asgabat,37.95,58.38,73.4,25,0,4.7,TM,1593809977
295,bogalusa,30.79,-89.85,86.0,74,1,5.82,US,1593809977
296,glenwood springs,39.55,-107.32,79.0,23,90,4.7,US,1593809682
297,sobolevo,54.43,31.9,63.86,97,100,6.31,RU,1593809977
298,the valley,18.22,-63.06,87.8,66,20,14.99,AI,1593809978
299,katherine,-14.47,132.27,69.8,73,40,8.05,AU,1593809978
300,schwedt,53.06,14.28,64.0,63,95,4.05,DE,1593809978
301,vila velha,-20.33,-40.29,71.6,83,75,8.05,BR,1593809978
302,buraydah,26.33,43.98,93.2,24,0,3.36,SA,1593809770
303,chimichagua,9.26,-73.81,88.2,69,94,4.18,CO,1593809978
304,san patricio,19.22,-104.7,87.8,70,20,17.22,MX,1593809979
305,kahului,20.89,-156.47,82.4,65,40,13.87,US,1593809979
306,svetlogorsk,52.63,29.73,64.38,97,100,6.31,BY,1593809979
307,adrar,20.5,-10.07,99.81,8,0,3.65,MR,1593809979
308,port elizabeth,-33.92,25.57,50.0,93,0,4.7,ZA,1593809979
309,walvis bay,-22.96,14.51,71.6,26,0,12.75,NA,1593809980
310,san antero,9.37,-75.76,83.28,80,54,8.19,CO,1593809980
311,toora-khem,52.47,96.11,55.67,92,99,0.49,RU,1593809980
312,narsaq,60.92,-46.05,66.2,24,0,4.7,GL,1593809980
313,shingu,33.73,135.98,74.03,95,100,15.61,JP,1593809980
314,berekum,7.45,-2.58,73.04,94,79,6.85,GH,1593809981
315,aitape,-3.14,142.35,76.57,81,1,5.21,PG,1593809981
316,barra mansa,-22.54,-44.17,69.8,68,75,8.05,BR,1593809981
317,chokurdakh,70.63,147.92,40.64,81,100,17.54,RU,1593809981
318,tautira,-17.73,-149.15,82.4,74,40,8.05,PF,1593809981
319,hurghada,27.26,33.81,89.6,19,0,2.24,EG,1593809982
320,wad madani,14.4,33.52,90.0,38,40,12.24,SD,1593809982
321,navan,53.65,-6.68,62.6,93,75,9.17,IE,1593809794
322,birao,10.28,22.79,74.16,86,98,2.42,CF,1593809982
323,el alto,-4.27,-81.21,68.13,71,10,16.06,PE,1593809982
324,cockburn town,21.46,-71.14,87.8,70,40,9.17,TC,1593809982
325,cidreira,-30.18,-50.21,49.95,68,0,5.93,BR,1593809983
326,mareeba,-17.0,145.43,69.8,77,26,12.75,AU,1593809983
327,calabozo,8.92,-67.43,84.25,81,92,5.44,VE,1593809983
328,rovaniemi,66.5,25.72,48.2,87,75,9.17,FI,1593809983
329,southbridge,42.08,-72.03,68.0,95,100,7.58,US,1593809983
330,puqi,29.72,113.88,75.67,93,100,0.74,CN,1593809984
331,arica,-18.48,-70.3,64.4,68,36,9.17,CL,1593809984
332,aswan,24.09,32.91,88.66,12,0,7.7,EG,1593809984
333,kabansk,52.05,106.65,60.8,77,0,2.33,RU,1593809984
334,canutama,-6.53,-64.38,77.7,91,100,1.54,BR,1593809985
335,synya,65.37,58.04,53.46,90,8,4.92,RU,1593809985
336,acapulco,16.86,-99.89,87.8,58,20,5.82,MX,1593809893
337,beyneu,45.32,55.2,78.42,18,0,2.77,KZ,1593809985
338,vestmannaeyjar,63.44,-20.27,49.28,73,77,26.64,IS,1593809986
339,aksu,41.12,80.26,73.69,28,12,5.28,CN,1593809986
340,russell,32.35,-85.2,88.0,74,90,4.7,US,1593809986
341,waipawa,-41.41,175.52,50.0,81,5,10.29,NZ,1593809986
342,longyearbyen,78.22,15.64,42.8,87,75,8.05,SJ,1593809986
343,ulaangom,49.98,92.07,65.07,48,0,3.15,MN,1593809987
344,iquitos,-3.75,-73.25,84.2,70,40,5.82,PE,1593809899
345,raga,8.46,25.68,71.94,89,5,3.98,SS,1593809987
346,bermejillo,25.88,-103.62,93.2,34,20,6.93,MX,1593809987
347,lata,40.16,-8.33,64.99,67,0,3.0,PT,1593809987
348,lang son,21.83,106.73,75.24,92,99,1.36,VN,1593809976
349,vostok,46.49,135.88,57.97,76,1,4.12,RU,1593809988
350,sungaipenuh,-2.08,101.38,65.37,96,100,3.29,ID,1593809988
351,katsuura,35.13,140.3,72.0,100,75,8.05,JP,1593809988
352,saldanha,-33.01,17.94,51.8,81,0,5.82,ZA,1593809989
353,kamaishi,39.27,141.88,63.86,83,100,6.71,JP,1593809989
354,beringovskiy,63.05,179.32,43.9,89,99,14.14,RU,1593809989
355,alofi,-19.06,-169.92,73.4,78,99,14.99,NU,1593809989
356,coos bay,43.37,-124.22,72.0,63,90,11.41,US,1593809989
357,northam,51.03,-4.22,60.01,97,100,15.99,GB,1593809990
358,rawatsar,29.28,74.38,102.78,26,35,7.65,IN,1593809990
359,ponta do sol,32.67,-17.1,69.8,68,75,19.46,PT,1593809990
360,marienburg,54.04,19.03,60.01,100,20,3.36,PL,1593809990
361,mujiayingzi,42.12,118.78,62.92,84,93,7.47,CN,1593809991
362,fallon,39.47,-118.78,88.0,16,1,6.93,US,1593809991
363,novyy urengoy,66.08,76.63,58.89,95,100,14.88,RU,1593809991
364,lavrentiya,65.58,-171.0,50.58,64,25,6.17,RU,1593809991
365,berlevag,70.86,29.09,48.2,81,88,10.29,NO,1593809992
366,esperance,-33.87,121.9,46.4,100,26,10.29,AU,1593809992
367,cristalina,-16.77,-47.61,68.32,57,76,3.22,BR,1593809992
368,japura,-0.32,102.35,73.96,98,100,2.55,ID,1593809992
369,basoko,1.24,23.62,76.62,77,96,0.45,CD,1593809992
370,alugan,12.22,125.48,78.66,85,87,3.76,PH,1593809993
371,ilulissat,69.22,-51.1,51.8,53,0,4.7,GL,1593809993
372,korla,41.76,86.15,78.94,25,82,18.97,CN,1593809993
373,manbij,36.53,37.95,84.2,32,0,3.36,SY,1593809993
374,gat,31.61,34.76,80.01,72,0,1.5,IL,1593809993
375,canarana,-11.68,-41.77,74.16,52,100,6.64,BR,1593809994
376,sabzevar,36.21,57.68,71.01,21,0,11.18,IR,1593809994
377,arlit,18.74,7.39,94.21,9,14,14.92,NE,1593809994
378,rio grande,-32.03,-52.1,57.2,50,0,4.7,BR,1593809994
379,panguipulli,-39.63,-72.33,51.8,81,75,13.87,CL,1593809994
380,trofors,65.53,13.41,51.8,62,20,4.7,NO,1593809995
381,itarema,-2.92,-39.92,78.94,80,26,12.19,BR,1593809995
382,kelvington,52.17,-103.53,74.55,56,0,8.16,CA,1593809995
383,luau,-10.71,22.22,63.25,34,0,8.28,AO,1593809995
384,lugazi,0.38,32.92,73.4,73,20,9.17,UG,1593809995
385,karratha,-20.74,116.85,68.13,35,0,15.79,AU,1593809995
386,damaturu,11.75,11.96,80.78,71,100,20.22,NG,1593809996
387,aqtobe,50.28,57.21,64.4,59,0,2.24,KZ,1593809996
388,swidnik,51.22,22.7,66.2,93,100,6.93,PL,1593809996
389,tingi,-11.3,35.03,54.41,79,3,1.86,TZ,1593809996
390,tuy hoa,13.08,109.3,77.56,76,49,9.6,VN,1593809996
391,maningrida,-12.07,134.27,70.79,73,0,13.53,AU,1593809997
392,visnes,59.36,5.22,52.0,93,100,8.05,NO,1593809997
393,severo-yeniseyskiy,60.37,93.04,67.12,59,22,3.31,RU,1593809998
394,xining,36.62,101.77,50.18,80,16,3.06,CN,1593809998
395,san jose,37.34,-121.89,84.0,41,1,10.29,US,1593809807
396,colares,38.8,-9.45,64.0,72,20,23.04,PT,1593809998
397,khani,41.96,42.96,73.4,88,100,3.36,GE,1593809998
398,richards bay,-28.78,32.04,65.34,71,87,4.41,ZA,1593809999
399,razdolinsk,58.42,94.67,67.73,67,36,2.91,RU,1593809999
400,ransang,8.96,117.58,79.0,78,71,3.24,PH,1593809999
401,guerrero negro,27.98,-114.06,82.98,40,0,13.13,MX,1593809999
402,emba,48.83,58.14,70.32,70,0,6.78,KZ,1593809999
403,stulovo,58.72,50.14,58.82,92,100,3.11,RU,1593810000
404,koyelga,54.65,60.9,56.98,91,0,6.69,RU,1593810000
405,port blair,11.67,92.75,80.6,84,100,17.63,IN,1593810000
406,talnakh,69.49,88.4,59.0,58,83,13.42,RU,1593810000
407,puerto leguizamo,-0.19,-74.78,84.61,67,50,1.12,CO,1593810001
408,raudeberg,61.99,5.14,46.99,81,2,3.62,NO,1593810001
409,kenora,49.82,-94.43,87.8,55,40,10.29,CA,1593810001
410,pimentel,-6.84,-79.93,66.09,76,12,15.7,PE,1593810002
411,bodden town,19.28,-81.25,89.6,70,40,11.41,KY,1593810003
412,sovetskiy,61.36,63.58,56.14,72,93,2.62,RU,1593810003
413,hamilton,39.18,-84.53,91.99,38,20,3.36,US,1593809860
414,palmer,42.16,-72.33,72.0,94,90,6.93,US,1593810004
415,kalmunai,7.42,81.82,79.11,82,76,9.73,LK,1593810004
416,saint-francois,46.42,3.91,60.01,67,49,4.7,FR,1593810005
417,ponta delgada,37.73,-25.67,69.8,73,40,6.93,PT,1593810005
418,majene,-3.54,118.97,77.81,86,86,13.29,ID,1593810005
419,korhogo,9.45,-5.63,75.81,86,23,3.71,CI,1593810006
420,matanzas,23.04,-81.58,89.6,66,40,9.17,CU,1593809712
421,solwezi,-12.17,26.39,51.26,51,0,4.76,ZM,1593810006
422,olenegorsk,68.15,33.3,51.55,76,100,4.52,RU,1593810006
423,mitu,1.2,-70.17,84.7,66,63,1.32,CO,1593810007
424,ancud,-41.87,-73.82,45.0,93,90,11.41,CL,1593810007
425,hobyo,5.35,48.53,78.48,71,97,30.04,SO,1593810007
426,igrim,63.19,64.42,56.52,66,99,3.62,RU,1593810007
427,fandriana,-20.23,47.38,50.76,90,49,1.68,MG,1593810007
428,nizhneangarsk,55.78,109.55,57.79,72,2,1.14,RU,1593810008
429,marystown,47.17,-55.15,54.52,75,65,5.68,CA,1593810008
430,montepuez,-13.13,39.0,64.27,78,5,9.69,MZ,1593810008
431,bregenz,47.5,9.75,63.0,72,40,3.36,AT,1593810008
432,abnub,27.27,31.15,84.2,32,0,8.05,EG,1593810009
433,kamsack,51.57,-101.9,82.4,34,1,4.7,CA,1593810009
434,trinidad,-14.83,-64.9,75.2,53,20,6.93,BO,1593810009
435,olga,43.74,135.29,63.25,91,34,2.26,RU,1593810009
436,menongue,-14.66,17.69,52.11,49,0,5.86,AO,1593810010
437,ewa beach,21.32,-158.01,84.2,54,75,6.93,US,1593809755
438,tamandare,-8.76,-35.1,75.65,76,4,6.49,BR,1593810010
439,bac lieu,9.29,105.72,79.2,82,100,2.84,VN,1593810010
440,skibbereen,51.55,-9.27,59.0,93,75,11.41,IE,1593810010
441,yanam,16.73,82.22,79.63,86,100,7.7,IN,1593810010
442,miri,4.41,114.01,77.0,88,20,5.82,MY,1593809754
443,tondano,1.3,124.91,75.2,94,20,1.12,ID,1593810011
444,codrington,-38.27,141.97,50.65,91,87,9.4,AU,1593810011
445,yinchuan,38.47,106.27,61.97,79,100,1.07,CN,1593810011
446,tabou,4.42,-7.35,75.81,85,74,11.48,CI,1593810012
447,xixiang,35.16,112.86,77.0,1,100,3.22,CN,1593810012
448,san joaquin,10.26,-67.79,80.6,79,25,7.29,VE,1593810012
449,cervo,43.67,-7.41,55.99,86,52,1.74,ES,1593810012
450,gwadar,25.12,62.33,85.91,81,6,7.54,PK,1593810012
451,caravelas,-17.71,-39.25,73.2,87,0,4.54,BR,1593810013
452,changji,44.02,87.32,75.2,38,100,8.95,CN,1593810013
453,madang,-5.22,145.8,75.45,87,11,4.88,PG,1593810013
454,asfi,32.3,-9.24,68.5,76,0,17.94,MA,1593810013
455,bengkulu,-3.8,102.27,76.1,86,48,4.03,ID,1593810013
456,san juan,-31.54,-68.54,70.61,20,62,6.87,AR,1593809790
457,sioux lookout,50.1,-91.92,91.4,46,40,4.7,CA,1593810014
458,limoux,42.92,2.17,68.0,49,90,10.29,FR,1593810014
459,egvekinot,66.32,-179.17,46.89,62,18,3.69,RU,1593810014
460,bay roberts,47.6,-53.26,46.99,100,42,4.0,CA,1593810015
461,geraldton,-28.77,114.6,60.8,44,1,18.34,AU,1593810015
462,farnham,51.21,-0.8,57.99,87,75,20.8,GB,1593810015
463,lonevag,60.53,5.49,51.8,76,40,3.36,NO,1593810015
464,coihaique,-45.58,-72.07,41.0,65,20,4.7,CL,1593810015
465,carnot,4.94,15.87,71.17,88,97,1.72,CF,1593810015
466,tessalit,20.2,1.01,92.98,11,0,7.02,ML,1593810016
467,sitka,57.05,-135.33,57.2,76,75,12.75,US,1593810016
468,pisco,-13.7,-76.22,64.0,82,75,9.17,PE,1593810016
469,noumea,-22.28,166.46,68.0,93,40,2.24,NC,1593810017
470,shihezi,44.3,86.03,75.24,33,95,5.01,CN,1593810017
471,presidencia roque saenz pena,-26.79,-60.44,59.0,52,0,6.26,AR,1593810017
472,paita,-5.09,-81.11,68.0,71,1,16.2,PE,1593810017
473,dolzhanskaya,46.63,37.8,84.99,100,0,11.99,RU,1593810017
474,grand-santi,4.25,-54.38,78.3,94,84,3.36,GF,1593810017
475,bato,13.35,123.37,77.83,84,90,2.1,PH,1593810018
476,vagay,57.94,69.02,54.03,76,5,3.62,RU,1593810018
477,mgandu,-5.95,34.13,61.36,62,94,10.13,TZ,1593810018
478,tual,-5.67,132.75,80.08,81,84,25.37,ID,1593810018
479,oistins,13.07,-59.53,86.0,66,20,19.46,BB,1593810018
480,derzhavinsk,51.1,66.32,55.02,95,84,7.83,KZ,1593810019
481,chumikan,54.72,135.31,57.76,80,86,4.56,RU,1593810019
482,sechura,-5.56,-80.82,73.94,57,20,13.49,PE,1593810019
483,santa,17.49,120.43,78.71,84,3,4.94,PH,1593810019
484,astana,51.18,71.45,60.8,93,90,11.18,KZ,1593810020
485,la tuque,47.43,-72.78,82.63,25,30,5.57,CA,1593810009
486,tromso,69.65,18.96,50.0,61,100,4.7,NO,1593809842
487,dunedin,-45.87,170.5,46.0,86,100,1.01,NZ,1593810020
488,shache,38.42,77.24,77.61,18,97,6.4,CN,1593810020
489,la ronge,55.1,-105.28,78.8,39,20,11.41,CA,1593810020
490,singaraja,-8.11,115.09,76.39,73,5,3.2,ID,1593810021
491,kaitangata,-46.28,169.85,45.0,70,100,3.0,NZ,1593810021
492,allapalli,19.42,80.07,79.61,86,100,5.73,IN,1593810021
493,neepawa,50.23,-99.47,84.2,51,40,8.05,CA,1593810021
494,port shepstone,-30.74,30.45,59.04,76,27,8.05,ZA,1593810022
495,yarada,17.65,83.27,84.06,77,100,11.7,IN,1593810022
496,gerash,27.67,54.14,91.4,26,0,4.07,IR,1593810022
497,athabasca,54.72,-113.29,69.58,57,1,11.68,CA,1593810007
498,haines junction,60.75,-137.51,72.23,23,99,3.56,CA,1593810022
499,kargasok,59.06,80.86,60.13,97,80,6.33,RU,1593810023
500,bolgatanga,10.79,-0.85,84.67,62,65,5.17,GH,1593810023
501,sao paulo de olivenca,-3.38,-68.87,80.33,77,97,2.95,BR,1593810023
502,shahdadkot,27.85,67.91,101.57,30,64,17.85,PK,1593810023
503,tomari,47.77,142.07,60.53,77,0,19.28,RU,1593810023
504,sanford,28.8,-81.27,91.0,62,1,11.41,US,1593809736
505,chipinge,-20.19,32.62,52.32,70,0,3.94,ZW,1593810024
506,dogondoutchi,13.64,4.03,98.56,30,44,11.27,NE,1593810024
507,thanh hoa,19.8,105.77,80.1,88,100,2.53,VN,1593810024
508,pangnirtung,66.15,-65.71,48.2,70,20,13.87,CA,1593810024
509,camacha,33.08,-16.33,68.0,68,40,10.29,PT,1593810024
510,mnogovershinnyy,53.94,139.92,59.63,91,89,6.04,RU,1593810025
511,kukshi,22.2,74.75,81.45,76,91,8.05,IN,1593810025
512,deputatskiy,69.3,139.9,38.53,89,100,6.76,RU,1593810025
513,bintulu,3.17,113.03,75.2,94,40,6.93,MY,1593810025
514,hukuntsi,-24.0,21.75,52.93,40,0,8.68,BW,1593810025
515,mankono,8.06,-6.19,74.84,90,71,4.29,CI,1593810026
516,meulaboh,4.14,96.13,79.29,83,99,3.71,ID,1593810026
517,florianopolis,-27.61,-48.5,57.2,54,0,9.17,BR,1593809728
518,boende,-0.22,20.87,79.5,66,72,1.72,CD,1593810026
519,tubuala,9.52,-79.03,87.8,70,40,8.05,PA,1593810027
520,porto-vecchio,41.59,9.28,75.2,60,0,12.75,FR,1593810027
521,iranduba,-3.28,-60.19,78.8,88,75,2.24,BR,1593810027
522,nouadhibou,20.93,-17.03,69.8,83,17,17.22,MR,1593810027
523,hastings,50.86,0.57,60.8,87,97,23.04,GB,1593809820
524,churachandpur,24.33,93.67,70.65,98,100,0.58,IN,1593810028
525,salinopolis,-0.61,-47.36,81.25,79,90,9.98,BR,1593810028
526,bonavista,48.65,-53.11,46.99,84,78,5.99,CA,1593810028
527,teya,60.38,92.63,67.37,59,6,2.17,RU,1593810029
528,vila do maio,15.13,-23.22,80.6,69,20,11.41,CV,1593810029
529,kissamos,35.49,23.66,81.0,94,0,5.82,GR,1593810029
530,panaba,21.28,-88.27,83.53,79,90,8.23,MX,1593810029
531,konstantinovskiy,57.83,39.59,68.0,94,99,4.83,RU,1593810029
532,pangody,65.85,74.49,57.51,96,99,13.35,RU,1593810030
533,mayor pablo lagerenza,-19.93,-60.77,61.79,52,100,2.13,PY,1593810030
534,sambava,-14.27,50.17,72.52,77,76,10.4,MG,1593810030
535,zhigansk,66.77,123.37,48.29,63,87,17.25,RU,1593810030
536,salalah,17.02,54.09,82.4,88,90,8.05,OM,1593810031
537,shaunavon,49.65,-108.42,81.03,30,0,9.13,CA,1593810031
538,minab,27.15,57.08,93.2,75,0,6.93,IR,1593810031
539,nampula,-15.12,39.27,66.2,82,0,8.05,MZ,1593810031
540,tutoia,-2.76,-42.27,80.28,81,87,8.95,BR,1593810031
541,cayenne,4.93,-52.33,84.2,74,80,6.93,GF,1593810031
542,phalaborwa,-23.94,31.14,60.8,77,0,4.7,ZA,1593810032
543,kupang,-10.17,123.58,76.48,81,87,15.37,ID,1593810032
544,sur,22.57,59.53,84.92,75,1,13.15,OM,1593810032
545,khanna,30.7,76.22,91.18,48,0,16.04,IN,1593810032
546,bela,25.93,81.98,89.85,62,57,6.2,IN,1593810032
547,zykovo,55.95,93.15,71.6,73,40,6.71,RU,1593810033
548,hervey bay,-25.3,152.85,59.0,86,47,5.99,AU,1593810033
549,muroto,33.28,134.15,77.4,89,100,25.86,JP,1593810033
550,kikwit,-5.04,18.82,78.22,41,23,2.37,CD,1593810033
551,springdale,36.19,-94.13,91.99,49,40,6.93,US,1593810033
552,makakilo city,21.35,-158.09,84.2,54,75,6.93,US,1593810034
553,pointe-noire,-4.78,11.86,75.2,88,75,3.36,CG,1593810034
554,ipira,-12.16,-39.74,74.32,62,64,6.33,BR,1593809860
555,montlucon,46.33,2.6,60.01,75,57,4.0,FR,1593810034
556,cap malheureux,-19.98,57.61,69.01,72,96,8.01,MU,1593810034
557,collie,-33.37,116.15,48.99,64,64,7.96,AU,1593810035
558,alamosa,37.47,-105.87,84.2,28,1,5.82,US,1593809898
559,college,64.86,-147.8,66.99,52,40,6.8,US,1593810035
560,myaundzha,63.05,147.19,50.72,62,100,4.0,RU,1593810035
561,dalbandin,28.89,64.41,90.18,11,0,9.98,PK,1593810035
562,pandan,14.05,124.17,79.66,83,52,5.26,PH,1593810036
563,qaqortoq,60.72,-46.03,66.2,24,0,4.7,GL,1593810036
564,euclides da cunha,-10.51,-39.02,70.03,78,26,4.16,BR,1593810036
565,freeport,40.66,-73.58,91.4,43,75,3.36,US,1593810013
566,kremnica,48.71,18.92,68.0,64,51,6.93,SK,1593810036
567,galle,6.04,80.22,79.7,83,100,9.6,LK,1593809799
568,turgoyak,55.15,60.12,55.04,93,0,4.0,RU,1593810037
569,tonj,7.27,28.68,74.17,79,42,5.14,SS,1593810037
570,saint-joseph,-21.37,55.62,66.2,68,20,10.29,RE,1593810037
571,tiarei,-17.53,-149.33,82.4,74,40,8.05,PF,1593810038
572,imeni poliny osipenko,52.42,136.49,63.16,86,48,6.35,RU,1593810038
573,ptuj,46.42,15.87,60.8,87,79,2.24,SI,1593810038
574,lermontovka,47.15,134.34,63.21,88,5,8.08,RU,1593810038
575,riyadh,24.69,46.72,95.0,16,5,4.7,SA,1593809819
576,nerchinskiy zavod,51.31,119.61,60.21,67,21,1.36,RU,1593810039
577,upata,8.01,-62.4,80.8,72,7,8.28,VE,1593810039
578,maniitsoq,65.42,-52.9,46.27,78,98,10.27,GL,1593810039
579,esil,51.96,66.4,56.8,90,89,6.91,KZ,1593810039
580,pringsewu,-5.36,104.97,73.09,93,88,0.65,ID,1593810040
581,kendari,-3.94,122.5,73.24,93,100,3.85,ID,1593810040
